amount,transactionHour,dayOfWeek,unusualHour,amountSignal,deviceSignal,locationSignal,ipSignal,transactionTypeSignal
18000,9,1,0,18,18,18,22,30
22000,10,2,0,20,18,19,24,30
26000,11,3,0,22,18,20,25,31
31000,12,4,0,25,19,19,26,32
35000,13,5,0,27,20,19,27,33
39000,14,0,0,30,20,20,28,34
43000,15,1,0,32,21,20,29,35
47000,16,2,0,34,22,21,30,36
52000,17,3,0,36,22,21,31,37
56000,8,4,0,39,23,22,32,38
61000,9,5,0,42,24,22,33,39
65000,10,6,0,45,25,23,34,40
69000,11,0,0,48,25,23,35,41
72000,12,1,0,50,26,24,36,42
75000,13,2,0,52,26,24,37,43
48000,14,0,0,48,25,30,40,75
50000,15,1,0,49,26,31,41,76
53000,16,2,0,51,27,32,42,77
56000,17,3,0,53,28,33,43,78
60000,8,4,0,55,29,34,44,79
62000,9,5,0,57,30,35,45,80
64000,10,6,0,59,31,36,46,81
67000,11,0,0,61,32,37,47,82
70000,12,1,0,63,33,38,48,83
73000,13,2,0,65,34,39,49,84
76000,14,3,0,67,35,40,50,85
78000,15,4,0,69,36,41,51,86
80000,16,5,0,71,37,42,52,87
82000,17,6,0,73,38,43,53,88
86000,8,0,0,75,39,44,54,89
90000,9,1,0,77,40,45,55,90
95000,10,2,0,79,41,46,56,91
98000,11,3,0,82,42,47,57,92
102000,12,4,0,84,43,48,58,93
106000,13,5,0,86,44,49,59,94
110000,14,6,0,88,45,50,60,95
115000,15,0,0,90,46,51,61,96
120000,16,1,0,92,47,52,62,97
125000,17,2,0,94,48,53,63,98
130000,8,3,0,96,49,54,64,99
135000,9,4,0,98,50,55,65,100
140000,10,5,0,100,51,56,66,101
145000,11,6,0,100,52,57,67,102
150000,12,0,0,100,53,58,68,103
155000,13,1,0,100,54,59,69,104
160000,14,2,0,100,55,60,70,105
165000,15,3,0,100,56,61,71,106
170000,16,4,0,100,57,62,72,107
175000,17,5,0,100,58,63,73,108
180000,8,6,0,100,59,64,74,109
185000,9,0,0,100,60,65,75,110
190000,10,1,0,100,61,66,76,111
200000,11,2,0,100,62,67,77,112
210000,12,3,0,100,63,68,78,113
220000,13,4,0,100,64,69,79,114
230000,14,5,0,100,65,70,80,115
240000,15,6,0,100,66,71,81,116
250000,16,0,0,100,67,72,82,117
260000,17,1,0,100,68,73,83,118
270000,8,2,0,100,69,74,84,119
280000,9,3,0,100,70,75,85,120
290000,10,4,0,100,71,76,86,121
300000,11,5,0,100,72,77,87,122
310000,12,6,0,100,73,78,88,123
320000,13,0,0,100,74,79,89,124
350000,14,1,0,100,75,80,90,125
400000,15,2,0,100,76,81,91,126
450000,16,3,0,100,77,82,92,127
500000,17,4,0,100,78,83,93,128
550000,8,5,0,100,79,84,94,129
600000,9,6,0,100,80,85,95,130
650000,10,0,0,100,81,86,96,131
700000,11,1,0,100,82,87,97,132
750000,12,2,0,100,83,88,98,133
800000,13,3,0,100,84,89,99,134
850000,14,4,0,100,85,90,100,135
900000,15,5,0,100,86,91,101,140
1250000,16,6,0,100,87,92,102,145
